<?xml version="1.0" encoding="UTF-8"?>
<project-private xmlns="http://www.netbeans.org/ns/project-private/1">
    <editor-bookmarks xmlns="http://www.netbeans.org/ns/editor-bookmarks/2" lastBookmarkId="0"/>
    <open-files xmlns="http://www.netbeans.org/ns/projectui-open-files/2">
        <group>
            <file>file:/C:/CodeNameOne/PIDEV/src/pidev/PIDEV.java</file>
            <file>file:/C:/CodeNameOne/PIDEV/src/Entities/Sponsors.java</file>
            <file>file:/C:/CodeNameOne/PIDEV/src/Services/ServicesAnnonces.java</file>
            <file>file:/C:/CodeNameOne/PIDEV/src/Entities/Annonces.java</file>
        </group>
    </open-files>
</project-private>
