<?xml version="1.0" encoding="UTF-8"?>
<project-private xmlns="http://www.netbeans.org/ns/project-private/1">
    <editor-bookmarks xmlns="http://www.netbeans.org/ns/editor-bookmarks/2" lastBookmarkId="0"/>
    <open-files xmlns="http://www.netbeans.org/ns/projectui-open-files/2">
        <group>
            <file>file:/C:/Users/AMINE/Documents/NetBeansProjects/tunfugees/src/tunfugees/TunFugees.java</file>
            <file>file:/C:/Users/AMINE/Documents/NetBeansProjects/tunfugees/src/Services/ServiceCamp.java</file>
            <file>file:/C:/Users/AMINE/Documents/NetBeansProjects/tunfugees/src/Services/ServiceUtilisateur.java</file>
            <file>file:/C:/Users/AMINE/Documents/NetBeansProjects/tunfugees/src/Utils/DataBase.java</file>
            <file>file:/C:/Users/AMINE/Documents/NetBeansProjects/tunfugees/src/Entities/Camp.java</file>
            <file>file:/C:/Users/AMINE/Documents/NetBeansProjects/tunfugees/src/Entities/Utilisateur.java</file>
        </group>
    </open-files>
</project-private>
